URL,FileName,Title,Description,WordCount,LastModified,Error
""https://www.quadsports.org"",""www.quadsports.org.html"",""Co-ed Youth Sports League | Quad Sports | Texas"",""Quad Sports is the premier non profit youth sports league for the Katy, Richmond, Rosenberg and Fulshear, Texas area. We offer NFL Flag Football, Soccer, Speed Clinics and more!"",""3150"","""",""""
""https://www.quadsports.org/services-5"",""www.quadsports.org_services-5.html"",""Failed to load"","""",""0"","""",""page.goto: Timeout 45000ms exceeded.
Call log:
[2m  - navigating to ""https://www.quadsports.org/services-5"", waiting until ""networkidle""[22m
""
""https://www.quadsports.org/about-us"",""www.quadsports.org_about-us.html"",""OUR CAUSE | Quad Sports"",""Quad Sports focuses on teaching your child the fundamental skills for their respective sport in a fun, safe and inviting environment."",""3265"","""",""""
""https://www.quadsports.org/get-involved"",""www.quadsports.org_get-involved.html"",""Failed to load"","""",""0"","""",""page.goto: Timeout 45000ms exceeded.
Call log:
[2m  - navigating to ""https://www.quadsports.org/get-involved"", waiting until ""networkidle""[22m
""
""https://www.quadsports.org/league-news"",""www.quadsports.org_league-news.html"",""Failed to load"","""",""0"","""",""page.goto: Timeout 45000ms exceeded.
Call log:
[2m  - navigating to ""https://www.quadsports.org/league-news"", waiting until ""networkidle""[22m
""
""https://www.quadsports.org/resources"",""www.quadsports.org_resources.html"",""Failed to load"","""",""0"","""",""page.goto: Timeout 45000ms exceeded.
Call log:
[2m  - navigating to ""https://www.quadsports.org/resources"", waiting until ""networkidle""[22m
""
""https://www.quadsports.org/contact"",""www.quadsports.org_contact.html"",""Failed to load"","""",""0"","""",""page.goto: Timeout 45000ms exceeded.
Call log:
[2m  - navigating to ""https://www.quadsports.org/contact"", waiting until ""networkidle""[22m
""
""https://www.quadsports.org/pages-sitemap.xml"",""www.quadsports.org_pages-sitemap.xml.html"","""","""",""149"","""",""""